{
  "@context": "https://w3id.org/ro/crate/1.1/context",
  "@graph": [
    {
      "@type": "CreativeWork",
      "@id": "ro-crate-metadata.json",
      "conformsTo": {
        "@id": "https://w3id.org/ro/crate/1.1"
      },
      "about": {
        "@id": "./"
      }
    },
    {
      "@id": "ro-crate-preview.html",
      "@type": "CreativeWork",
      "about": {
        "@id": "./"
      }
    },
    {
      "@id": "./",
      "@type": "Dataset",
      "conformsTo": {
        "@id": "https://w3id.org/trusted-wfrun-crate/0.3"
      },
      "datePublished": "2023-04-24T09:56:15+00:00",
      "mainEntity": {
        "@id": "https://workflowhub.eu/workflows/882?version=2"
      },
      "sourceOrganization": {
        "@id": "#project-065c9577-dd40-4cb2-bbc7-354e34ef37de"
      },
      "publisher": {
        "@id": "https://trefx.example.com/"
      },
      "licence": {
        "@id": "http://spdx.org/licenses/MIT"
      },
      "hasPart": [
        {
          "@id": "https://workflowhub.eu/workflows/882?version=2"
        }
      ],
      "mentions": [
        {
          "@id": "#execute-43a74be3-c175-4fe6-a13d-b9f0dca3c0fc"
        },
        {
          "@id": "#check-4445b5a3-38f0-47e1-b3bd-a2693743b071"
        },
        {
          "@id": "#validate-6e4298fe-a0fe-45f7-ac9a-bec41ec0643f"
        },
        {
          "@id": "#signoff-00863632-4a12-45ab-be86-f896a670db39"
        }
      ]
    },
    {
      "@id": "https://w3id.org/trusted-wfrun-crate/0.3",
      "@type": "Profile",
      "name": "Trusted Workflow Run Crate profile"
    },
    {
      "@id": "https://spdx.org/licenses/MIT",
      "@type": "CreativeWork",
      "name": "MIT Licence",
      "identifier": "MIT"
    },
    {
      "datePublished": "10/05/2024 13:40:22",
      "@id": "https://workflowhub.eu/workflows/882?version=2",
      "@type": "Dataset",
      "name": "beacon-workflow",
      "conformsTo": {
        "@id": "https://w3id.org/workflowhub/workflow-ro-crate/1.0"
      },
      "distribution": {
        "@id": "https://workflowhub.eu/workflows/882/ro_crate?version=2"
      }
    },
    {
      "@id": "https://workflowhub.eu/workflows/882/ro_crate?version=2",
      "@type": "DataDownload",
      "conformsTo": {
        "@id": "https://w3id.org/ro/crate"
      },
      "encodingFormat": "application/zip"
    },
    {
      "@id": "#execute-43a74be3-c175-4fe6-a13d-b9f0dca3c0fc",
      "@type": "CreateAction",
      "actionStatus": "http://schema.org/PotentialActionStatus",
      "agent": {
        "@id": "https://orcid.org/0000-0002-4206-4024"
      },
      "instrument": {
        "@id": "https://workflowhub.eu/workflows/882?version=2"
      },
      "name": "Execute rquest query",
      "object": [
        {
          "@id": "#input_filters"
        }
      ]
    },
    {
      "@id": "#project-065c9577-dd40-4cb2-bbc7-354e34ef37de",
      "@type": "Project",
      "name": "beacon-workflow",
      "identifier": [
        {
          "@id": "_:localid:trefx:beacon-workflow"
        }
      ],
      "member": [
        {
          "@id": "https://ror.org/01ee9ar58"
        }
      ]
    },
    {
      "@id": "_:localid:trefx:beacon-workflow",
      "@type": "PropertyValue",
      "name": "trefx",
      "value": "beacon-workflow"
    },
    {
      "@id": "#input_filters",
      "@type": "PropertyValue",
      "name": "filters",
      "value": "Gender:F,SNOMED:386661006,SNOMED:271825005",
      "exampleOfWork": {
        "@id": "#beacon_workflow-inputs-filters"
      }
    },
    {
      "@id": "#beacon_workflow-inputs-filters",
      "@type": "FormalParameter",
      "name": "filters",
      "dct:conformsTo": "https://bioschemas.org/profiles/FormalParameter/1.0-RELEASE/"
    },
    {
      "@id": "#beacon_workflow-outputs-output_file",
      "@type": "FormalParameter",
      "name": "output_file",
      "dct:conformsTo": "https://bioschemas.org/profiles/FormalParameter/1.0-RELEASE/"
    },
    {
      "@id": "#check-4445b5a3-38f0-47e1-b3bd-a2693743b071",
      "@type": "AssessAction",
      "additionalType": {
        "@id": "https://w3id.org/shp#CheckValue"
      },
      "name": "BagIt checksum of Crate",
      "endTime": "2023-05-1518:00:00+01:00",
      "object": {
        "@id": "./"
      },
      "instrument": {
        "@id": "https://www.iana.org/assignments/named-information#sha-512"
      },
      "agent": {
        "@id": "https://orcid.org/0000-0001-9842-9718"
      },
      "actionStatus": "http://schema.org/CompletedActionStatus"
    },
    {
      "@id": "#validate-6e4298fe-a0fe-45f7-ac9a-bec41ec0643f",
      "@type": "AssessAction",
      "additionalType": {
        "@id": "https://w3id.org/shp#ValidationCheck"
      },
      "name": "Validation against Trusted Workflow Run Crate profile: pending",
      "object": {
        "@id": "./"
      },
      "instrument": {
        "@id": "https://w3id.org/trusted-wfrun-crate/0.3"
      },
      "actionStatus": "http://schema.org/CompletedActionStatus"
    },
    {
      "@id": "#signoff-00863632-4a12-45ab-be86-f896a670db39",
      "@type": "AssessAction",
      "additionalType": {
        "@id": "https://w3id.org/shp#SignOff"
      },
      "name": "Sign-off of execution: approved",
      "endTime": "2023-04-19T17:15:12+01:00",
      "object": [
        {
          "@id": "./"
        },
        {
          "@id": "https://workflowhub.eu/workflows/882?version=2"
        },
        {
          "@id": "#project-065c9577-dd40-4cb2-bbc7-354e34ef37de"
        }
      ],
      "agent": {
        "@id": "https://orcid.org/0000-0002-4206-4024"
      },
      "actionStatus": "http://schema.org/CompletedActionStatus"
    },
    {
      "@id": "https://orcid.org/0000-0002-4206-4024",
      "@type": "Person",
      "name": "Vasiliki Panagi",
      "affiliation": {
        "@id": "https://ror.org/01ee9ar58"
      },
      "memberOf": [
        {
          "@id": "#project-065c9577-dd40-4cb2-bbc7-354e34ef37de"
        }
      ]
    },
    {
      "@id": "https://ror.org/01ee9ar58",
      "@type": "Organization",
      "name": "University of Nottingham"
    },
    {
      "@id": "https://trefx.example.com/",
      "@type": "Organization",
      "name": "TRE-FX's pod in some TRE",
      "parentOrganization": {
        "@id": "https://ror.org/01ee9ar58"
      }
    }
  ]
}
